0,text,polarity,subjectivity,sentiment,neg,neu,pos,compound
@Phalane67253308 @MmusiMaimane @CyrilRamaphosa Remember another fellow said the same about Zuma? Anyway Jesus is coming soon🤣🤣🤣,@Phalane67253308 @MmusiMaimane @CyrilRamaphosa Remember another fellow said the same about Zuma? Anyway Jesus is coming soon🤣🤣🤣,0.0,0.125,neutral,0.0,1.0,0.0,0.0
"EPL Top Goal Scorers 2022/23 Season:

Moh 👑 Salah- 32 Goals
Dig⚽al Jota- 23 Goals
Cristiano Penaldo- 23 Goals
Darwi… https://t.co/f1eNOZU8xL","EPL Top Goal Scorers 2022/23 Season:

Moh 👑 Salah- 32 Goals
Dig⚽al Jota- 23 Goals
Cristiano Penaldo- 23 Goals
Darwi… https://t.co/f1eNOZU8xL",0.5,0.5,positive,0.0,0.913,0.087,0.2023
@GAYBR1GHT jesus christ /neg,@GAYBR1GHT jesus christ /neg,0.0,0.0,neutral,0.0,1.0,0.0,0.0
"@Sainthemoon Oh, Jesus! Kkkkk coitado de Simbinha 🥺🥺","@Sainthemoon Oh, Jesus! Kkkkk coitado de Simbinha 🥺🥺",0.0,0.0,neutral,0.0,1.0,0.0,0.0
@willingtool21 @IbharahE @renoomokri Ice cream and popcorn cohorts rest in Jesus name 🤣🤣🤣🤣,@willingtool21 @IbharahE @renoomokri Ice cream and popcorn cohorts rest in Jesus name 🤣🤣🤣🤣,0.0,0.0,neutral,0.0,1.0,0.0,0.0
"God's Peaceful Messiah Jesus Will PROVE Consistency of All God's PEACEFUL Messages, CONFIRMING God's Ownership of E… https://t.co/Adz5yR2TDS","God's Peaceful Messiah Jesus Will PROVE Consistency of All God's PEACEFUL Messages, CONFIRMING God's Ownership of E… https://t.co/Adz5yR2TDS",0.25,0.5,positive,0.0,0.692,0.308,0.7983
@Jetson77 @PruBaker_10 @antiLibmob @Missy8008135 @MinnesotaExpat @hrt6017 @lanny33571893 @ballardsigns… https://t.co/o5mr4BQGgn,@Jetson77 @PruBaker_10 @antiLibmob @Missy8008135 @MinnesotaExpat @hrt6017 @lanny33571893 @ballardsigns… https://t.co/o5mr4BQGgn,0.0,0.0,neutral,0.0,1.0,0.0,0.0
"The purpose of miracles:

And truly Jesus did many other signs in the presence of His disciples, which are not writ… https://t.co/7O7E9m97JQ","The purpose of miracles:

And truly Jesus did many other signs in the presence of His disciples, which are not writ… https://t.co/7O7E9m97JQ",0.1875,0.4375,positive,0.0,0.879,0.121,0.4404
@lordcharles01 Happy birthday Counsel. God bless you abundantly in Jesus name,@lordcharles01 Happy birthday Counsel. God bless you abundantly in Jesus name,0.7,0.975,positive,0.0,0.482,0.518,0.8225
"Ephesians 2:21~22
In him (Jesus Christ) the whole building is joined together and rises to become a holy temple in… https://t.co/YRFgPu2Xfn","Ephesians 2:21~22
In him (Jesus Christ) the whole building is joined together and rises to become a holy temple in… https://t.co/YRFgPu2Xfn",0.2,0.4,neutral,0.0,1.0,0.0,0.0
I know what songs I should add to my main man Jesus for rising from the adds?,I know what songs I should add to my main man Jesus for rising from the adds?,0.16666666666666666,0.3333333333333333,neutral,0.0,1.0,0.0,0.0
"LIVE now: Praise and worship session rendered by #VIZA 

Do worship God with us via 
https://t.co/C2YbsLgQxE… https://t.co/nVlHWThd97","LIVE now: Praise and worship session rendered by #VIZA 

Do worship God with us via 
https://t.co/C2YbsLgQxE… https://t.co/nVlHWThd97",0.13636363636363635,0.5,positive,0.0,0.563,0.437,0.8442
"Check out our new #Biblical #Context #resource, in this second installment of our #DiggingDeeper Series on The Jewi… https://t.co/2LsxRYlAph","Check out our new #Biblical #Context #resource, in this second installment of our #DiggingDeeper Series on The Jewi… https://t.co/2LsxRYlAph",0.06818181818181818,0.22727272727272727,neutral,0.0,1.0,0.0,0.0
"@bible_is_real @TaylerUSA Meeting Christians who, embarrassedly say ""Oh, I have a gay kid.. I told them its wrong""… https://t.co/R11kkQs2Tf","@bible_is_real @TaylerUSA Meeting Christians who, embarrassedly say ""Oh, I have a gay kid.. I told them its wrong""… https://t.co/R11kkQs2Tf",-0.04166666666666666,0.7416666666666667,negative,0.123,0.877,0.0,-0.2732
"Dear Lord,

Today, strengthen my limbs so that I can stand firm on the truth of Jesus Christ and the teachings in Y… https://t.co/xEOAacFosp","Dear Lord,

Today, strengthen my limbs so that I can stand firm on the truth of Jesus Christ and the teachings in Y… https://t.co/xEOAacFosp",-0.2,0.4,positive,0.0,0.735,0.265,0.7351
"God's Peaceful Messiah Jesus Will PROVE Consistency of All God's PEACEFUL Messages, CONFIRMING God's Ownership of E… https://t.co/Dg45UbYyhT","God's Peaceful Messiah Jesus Will PROVE Consistency of All God's PEACEFUL Messages, CONFIRMING God's Ownership of E… https://t.co/Dg45UbYyhT",0.25,0.5,positive,0.0,0.692,0.308,0.7983
Jorge Jesus Yönetiminde ilk antrenmana yarın çıkacağız 🔥👀 https://t.co/hBonHUWC2q,Jorge Jesus Yönetiminde ilk antrenmana yarın çıkacağız 🔥👀 https://t.co/hBonHUWC2q,0.0,0.0,neutral,0.0,1.0,0.0,0.0
@ada_sylva Jesus,@ada_sylva Jesus,0.0,0.0,neutral,0.0,1.0,0.0,0.0
"@BryanLovesJesus Yes my brother,  cast all your cares upon the Lord Jesus,  He will care for you 🙏 
He will never l… https://t.co/BbKfCYwale","@BryanLovesJesus Yes my brother,  cast all your cares upon the Lord Jesus,  He will care for you 🙏 
He will never l… https://t.co/BbKfCYwale",0.0,0.0,positive,0.0,0.681,0.319,0.836
@SelmanOztrk Seneye Mayıs'ta gene secım demek ki rakıbın jesus getrmıs sen kulubene okanı mı koyacaksın,@SelmanOztrk Seneye Mayıs'ta gene secım demek ki rakıbın jesus getrmıs sen kulubene okanı mı koyacaksın,0.0,0.0,neutral,0.0,1.0,0.0,0.0
"Bruma é alvo do Fenerbahçe, de Jorge Jesus, dizem no Brasil https://t.co/EQfDix08JZ","Bruma é alvo do Fenerbahçe, de Jorge Jesus, dizem no Brasil https://t.co/EQfDix08JZ",0.0,0.0,negative,0.18,0.82,0.0,-0.296
"El Espíritu Santo nos lleva a la verdad viva y plena sobre Dios; es decir, el Espíritu nos ayuda a vivir en el amor… https://t.co/kaMoOxge8w","El Espíritu Santo nos lleva a la verdad viva y plena sobre Dios; es decir, el Espíritu nos ayuda a vivir en el amor… https://t.co/kaMoOxge8w",0.0,0.0,neutral,0.0,1.0,0.0,0.0
"God's Peaceful Messiah Jesus Will PROVE Consistency of All God's PEACEFUL Messages, CONFIRMING God's Ownership of E… https://t.co/UFC4DpL4zi","God's Peaceful Messiah Jesus Will PROVE Consistency of All God's PEACEFUL Messages, CONFIRMING God's Ownership of E… https://t.co/UFC4DpL4zi",0.25,0.5,positive,0.0,0.692,0.308,0.7983
“Permanecer na igreja é antes de tudo um sinal de permanência em Jesus” M. Jovem,“Permanecer na igreja é antes de tudo um sinal de permanência em Jesus” M. Jovem,0.0,0.0,neutral,0.0,1.0,0.0,0.0
bom dia com Jesus 🤩🤩🤩,bom dia com Jesus 🤩🤩🤩,0.0,0.0,neutral,0.0,1.0,0.0,0.0
@pastorbolaji Amen in Jesus mighty name,@pastorbolaji Amen in Jesus mighty name,0.4,0.9,neutral,0.0,1.0,0.0,0.0
@Jesus_ZambranoG @PRDMexico Jajajajajaja. Lo tuyo es vivir del erario. 🤡🤡🤡🤡,@Jesus_ZambranoG @PRDMexico Jajajajajaja. Lo tuyo es vivir del erario. 🤡🤡🤡🤡,0.0,0.0,neutral,0.0,1.0,0.0,0.0
@opebanwo @Ahmed_AtikuAbu @PeterObi @atiku @YeleSowore @MoghaluKingsley Did Jesus christ not eat with the pharisees… https://t.co/jo2ROW1mOD,@opebanwo @Ahmed_AtikuAbu @PeterObi @atiku @YeleSowore @MoghaluKingsley Did Jesus christ not eat with the pharisees… https://t.co/jo2ROW1mOD,0.0,0.0,neutral,0.0,1.0,0.0,0.0
JESÚS ♥️,JESÚS ♥️,0.0,0.0,neutral,0.0,1.0,0.0,0.0
"Or Jésus allait dans toutes les villes et dans les bourgades, enseignant dans leurs Synagogues, et prêchant l'Evang… https://t.co/jtdGe2Fzhc","Or Jésus allait dans toutes les villes et dans les bourgades, enseignant dans leurs Synagogues, et prêchant l'Evang… https://t.co/jtdGe2Fzhc",0.0,0.0,neutral,0.0,1.0,0.0,0.0
"Fancy putting Elvis, Bowie, Prince &amp; Michael Jackson in the same sentence as f*cking Harry Styles!!

Jesus wept. 😤 https://t.co/EV26K5j3lF","Fancy putting Elvis, Bowie, Prince &amp; Michael Jackson in the same sentence as f*cking Harry Styles!!

Jesus wept. 😤 https://t.co/EV26K5j3lF",-0.46875,0.4625,negative,0.164,0.777,0.059,-0.508
"@FrankKhalidUK Jesus is better, Sterling nope👎","@FrankKhalidUK Jesus is better, Sterling nope👎",0.5,0.5,positive,0.0,0.633,0.367,0.4404
@appiah008 @ajansfenercom Nasıl topçu iyi mi bari ?? İş yapar mı ?? Jesus mu istemiş bunu,@appiah008 @ajansfenercom Nasıl topçu iyi mi bari ?? İş yapar mı ?? Jesus mu istemiş bunu,0.0,0.0,neutral,0.0,1.0,0.0,0.0
@priv_cloudie jesus mcfucking christ cloudie ur gonna kill everyone from thirst,@priv_cloudie jesus mcfucking christ cloudie ur gonna kill everyone from thirst,0.0,0.0,negative,0.32,0.68,0.0,-0.6908
Thank you Jesus,Thank you Jesus,0.0,0.0,positive,0.0,0.444,0.556,0.3612
"Asimismo, a nuestra querida @Hrociodelcerro que un año más ha acompañado al Santísimo junto a nosotros, y al benemé… https://t.co/fHbLAUCUGK","Asimismo, a nuestra querida @Hrociodelcerro que un año más ha acompañado al Santísimo junto a nosotros, y al benemé… https://t.co/fHbLAUCUGK",0.0,0.0,positive,0.0,0.87,0.13,0.34
"This is the player we should be all over, not Sterling or Jesus. https://t.co/aOZldhspW5","This is the player we should be all over, not Sterling or Jesus. https://t.co/aOZldhspW5",0.0,0.0,neutral,0.0,1.0,0.0,0.0
"backless inspo #2 😂 ah walay shawl², si father ug si jesus na dapat muadjust 🤷
(nagsabot nami sa bride bahala mo di… https://t.co/8nCwrMnXqS","backless inspo #2 😂 ah walay shawl², si father ug si jesus na dapat muadjust 🤷
(nagsabot nami sa bride bahala mo di… https://t.co/8nCwrMnXqS",0.0,0.0,neutral,0.0,1.0,0.0,0.0
I just remembered a song we used to sing at the assembly every morning in primary school. It went like; “I’m marrie… https://t.co/edV803NHzZ,I just remembered a song we used to sing at the assembly every morning in primary school. It went like; “I’m marrie… https://t.co/edV803NHzZ,0.4,0.5,positive,0.0,0.889,0.111,0.3612
@Jeff19643 Read this out loud and firmly. SATAN I REBUKE YOU AND YOUR SERVANTS BACK TO THE PIT. YOU ARE NOT ALLOWED… https://t.co/yb8PPpyIlH,@Jeff19643 Read this out loud and firmly. SATAN I REBUKE YOU AND YOUR SERVANTS BACK TO THE PIT. YOU ARE NOT ALLOWED… https://t.co/yb8PPpyIlH,-0.03333333333333333,0.4000000000000001,neutral,0.0,1.0,0.0,0.0
no i know how technoblade did it during the potato wars jesus,no i know how technoblade did it during the potato wars jesus,0.0,0.0,negative,0.392,0.608,0.0,-0.7003
@ntvkenya Jesus Christ,@ntvkenya Jesus Christ,0.0,0.0,neutral,0.0,1.0,0.0,0.0
@genobabino Name 1 person aside from Christ who is perfect!? Who is without any sin!? I'm not saying we shouldn't t… https://t.co/MQADTiehC8,@genobabino Name 1 person aside from Christ who is perfect!? Who is without any sin!? I'm not saying we shouldn't t… https://t.co/MQADTiehC8,1.0,1.0,neutral,0.0,1.0,0.0,0.0
Boooom dia com Jesus ❤️🕊,Boooom dia com Jesus ❤️🕊,0.0,0.0,neutral,0.0,1.0,0.0,0.0
@Davidmc50660735 @EwenDCameron Jesus Christ you must be the drink and very hard drugs. Cathro FFS I just hope you a… https://t.co/vZHH1K6rSs,@Davidmc50660735 @EwenDCameron Jesus Christ you must be the drink and very hard drugs. Cathro FFS I just hope you a… https://t.co/vZHH1K6rSs,-0.3791666666666667,0.7041666666666666,negative,0.238,0.651,0.111,-0.5149
"If you follow Jesus Christ, if He's Lord of your life, you will not hunger, thirst or lack any good thing in this l… https://t.co/tcTHEmAsvS","If you follow Jesus Christ, if He's Lord of your life, you will not hunger, thirst or lack any good thing in this l… https://t.co/tcTHEmAsvS",0.7,0.6000000000000001,positive,0.079,0.76,0.16,0.327
"7)  invented electromagnetism, frequency and vibration as He wove those principles into the fabric of His Universe(… https://t.co/XCezZ3gTtJ","7)  invented electromagnetism, frequency and vibration as He wove those principles into the fabric of His Universe(… https://t.co/XCezZ3gTtJ",0.0,0.0,neutral,0.0,1.0,0.0,0.0
@AConcernedPare2 Jesus Christ 🙄 At my little one’s preschool trousers were compulsory for all children because they… https://t.co/rMl9dcWEgb,@AConcernedPare2 Jesus Christ 🙄 At my little one’s preschool trousers were compulsory for all children because they… https://t.co/rMl9dcWEgb,-0.1875,0.5,neutral,0.0,1.0,0.0,0.0
"@GaffneyVLC I guess Forster is home grown so that replaces Winks. I’m all for selling the dead wood cheap, we’ve he… https://t.co/3cQxYjyznv","@GaffneyVLC I guess Forster is home grown so that replaces Winks. I’m all for selling the dead wood cheap, we’ve he… https://t.co/3cQxYjyznv",0.1,0.55,negative,0.177,0.823,0.0,-0.6486
AAAAAAAAAAAAAAAA MEU JESUS,AAAAAAAAAAAAAAAA MEU JESUS,0.0,0.0,neutral,0.0,1.0,0.0,0.0
@MoneyBaggYerrrr Lmaooooo Jesus,@MoneyBaggYerrrr Lmaooooo Jesus,0.0,0.0,neutral,0.0,1.0,0.0,0.0
"The purpose of the miracles is to lead the recipients to possess eternal life in Christ Jesus.

#PastorKumuyiSaid","The purpose of the miracles is to lead the recipients to possess eternal life in Christ Jesus.

#PastorKumuyiSaid",0.0,0.0,neutral,0.0,1.0,0.0,0.0
@art29405223 @great0727 @YMMauthor @thompsonb2569 @tjpowell2008 @JohnBenCawley1 @Amadoud75238907 @holybibletoday… https://t.co/hOLJl0hfdB,@art29405223 @great0727 @YMMauthor @thompsonb2569 @tjpowell2008 @JohnBenCawley1 @Amadoud75238907 @holybibletoday… https://t.co/hOLJl0hfdB,0.0,0.0,neutral,0.0,1.0,0.0,0.0
